-- logins

INSERT INTO Account
    VALUES (53264, 'userA', '1234');
    
INSERT INTO Account
    VALUES (63493, 'userB', '1234');
    
INSERT INTO Account
    VALUES (74532, 'userC', '1234');

-- details

INSERT INTO Details 
    VALUES (53264, 'John Zheng', 'Hello, my name is John Zhengs and I like cars.', 'alot');
    
INSERT INTO Details 
    VALUES (63493, 'Some Person', 'I am some person on earth.', 'a bunch');
    
INSERT INTO Details 
    VALUES (74532, 'This is my name', 'This is my name, that is my name. I like to eat meat.', 'none');
    
-- foods

INSERT INTO Preference
    VALUES (53264, 'Star fruit', 'like');

INSERT INTO Preference
    VALUES (53264, 'Orange', 'like');
    
INSERT INTO Preference
    VALUES (53264, 'Jack Fruit', 'like');
    
INSERT INTO Preference
    VALUES (53264, 'Grapes', 'like');
    
INSERT INTO Preference
    VALUES (53264, 'Beef', 'like');
    
INSERT INTO Preference
    VALUES (53264, 'Chicken', 'like');
    
INSERT INTO Preference
    VALUES (53264, 'Pork', 'like');
    
INSERT INTO Preference
    VALUES (53264, 'Lam', 'like');
    
INSERT INTO Preference
    VALUES (53264, 'Broccoli', 'dislike');
    
INSERT INTO Preference
    VALUES (53264, 'Kale', 'dislike');
    
INSERT INTO Preference
    VALUES (53264, 'Lettuce', 'dislike');
    
INSERT INTO Preference
    VALUES (53264, 'Chard', 'dislike');
    
INSERT INTO Preference
    VALUES (53264, 'Anything too green', 'dislike');
    
INSERT INTO Preference
    VALUES (53264, 'peanuts', 'allergies');
    
INSERT INTO Preference
    VALUES (53264, 'dairy', 'allergies');
    
INSERT INTO Preference
    VALUES (53264, 'Shellfish', 'allergies');
    
    
INSERT INTO Preference
    VALUES (63493, 'Cheese', 'like');
    
INSERT INTO Preference
    VALUES (63493, 'Milk', 'like');
    
INSERT INTO Preference
    VALUES (63493, 'Yogurt', 'like');
    
INSERT INTO Preference
    VALUES (63493, 'Pho', 'like');
    
INSERT INTO Preference
    VALUES (63493, 'Rice', 'like');
    
INSERT INTO Preference
    VALUES (63493, 'Salt', 'like');
    
INSERT INTO Preference
    VALUES (63493, 'Beef', 'dislike');

INSERT INTO Preference
    VALUES (63493, 'Chicken', 'dislike');
    
INSERT INTO Preference
    VALUES (63493, 'Snake', 'dislike');
    
INSERT INTO Preference
    VALUES (63493, 'Pork', 'dislike');
    
INSERT INTO Preference
    VALUES (63493, 'peanuts', 'allergies');


INSERT INTO Preference
    VALUES (74532, 'Bear', 'like');
    
INSERT INTO Preference
    VALUES (74532, 'Caribou', 'like');
    
INSERT INTO Preference
    VALUES (74532, 'Goat', 'like');
    
INSERT INTO Preference
    VALUES (74532, 'Mutton', 'like');
    
INSERT INTO Preference
    VALUES (74532, 'Dog', 'like');
    
INSERT INTO Preference
    VALUES (74532, 'Pork', 'like');
    
INSERT INTO Preference
    VALUES (74532, 'Rabbit', 'like');
    
INSERT INTO Preference
    VALUES (74532, 'Bison', 'like');
    
INSERT INTO Preference
    VALUES (74532, 'Goose', 'like');
    
INSERT INTO Preference
    VALUES (74532, 'tomato', 'dislike');
    
INSERT INTO Preference
    VALUES (74532, 'apple', 'dislike');
