-- logins

INSERT INTO Account
    VALUES (62221, 'userA', '81dc9bdb52d04dc20036dbd8313ed055');
    
INSERT INTO Account
    VALUES (62222, 'userB', '81dc9bdb52d04dc20036dbd8313ed055');
    
INSERT INTO Account
    VALUES (62223, 'userC', '81dc9bdb52d04dc20036dbd8313ed055');

-- details

INSERT INTO Details 
    VALUES (62221, 'John Zheng', 'Hello, my name is John Zhengs and I like cars.', 'alot');
    
INSERT INTO Details 
    VALUES (62222, 'Some Person', 'I am some person on earth.', 'a bunch');
    
INSERT INTO Details 
    VALUES (62223, 'This is my name', 'This is my name, that is my name. I like to eat meat.', 'none');
    
-- foods

INSERT INTO Preference
    VALUES (62221, 'Star fruit', 'like');

INSERT INTO Preference
    VALUES (62221, 'Orange', 'like');
    
INSERT INTO Preference
    VALUES (62221, 'Jack Fruit', 'like');
    
INSERT INTO Preference
    VALUES (62221, 'Grapes', 'like');
    
INSERT INTO Preference
    VALUES (62221, 'Beef', 'like');
    
INSERT INTO Preference
    VALUES (62221, 'Chicken', 'like');
    
INSERT INTO Preference
    VALUES (62221, 'Pork', 'like');
    
INSERT INTO Preference
    VALUES (62221, 'Lam', 'like');
    
INSERT INTO Preference
    VALUES (62221, 'Broccoli', 'dislike');
    
INSERT INTO Preference
    VALUES (62221, 'Kale', 'dislike');
    
INSERT INTO Preference
    VALUES (62221, 'Lettuce', 'dislike');
    
INSERT INTO Preference
    VALUES (62221, 'Chard', 'dislike');
    
INSERT INTO Preference
    VALUES (62221, 'Anything too green', 'dislike');
    
INSERT INTO Preference
    VALUES (62221, 'peanuts', 'allergies');
    
INSERT INTO Preference
    VALUES (62221, 'dairy', 'allergies');
    
INSERT INTO Preference
    VALUES (62221, 'Shellfish', 'allergies');
    
    
INSERT INTO Preference
    VALUES (62222, 'Cheese', 'like');
    
INSERT INTO Preference
    VALUES (62222, 'Milk', 'like');
    
INSERT INTO Preference
    VALUES (62222, 'Yogurt', 'like');
    
INSERT INTO Preference
    VALUES (62222, 'Pho', 'like');
    
INSERT INTO Preference
    VALUES (62222, 'Rice', 'like');
    
INSERT INTO Preference
    VALUES (62222, 'Salt', 'like');
    
INSERT INTO Preference
    VALUES (62222, 'Beef', 'dislike');

INSERT INTO Preference
    VALUES (62222, 'Chicken', 'dislike');
    
INSERT INTO Preference
    VALUES (62222, 'Snake', 'dislike');
    
INSERT INTO Preference
    VALUES (62222, 'Pork', 'dislike');
    
INSERT INTO Preference
    VALUES (62222, 'peanuts', 'allergies');


INSERT INTO Preference
    VALUES (62223, 'Bear', 'like');
    
INSERT INTO Preference
    VALUES (62223, 'Caribou', 'like');
    
INSERT INTO Preference
    VALUES (62223, 'Goat', 'like');
    
INSERT INTO Preference
    VALUES (62223, 'Mutton', 'like');
    
INSERT INTO Preference
    VALUES (62223, 'Dog', 'like');
    
INSERT INTO Preference
    VALUES (62223, 'Pork', 'like');
    
INSERT INTO Preference
    VALUES (62223, 'Rabbit', 'like');
    
INSERT INTO Preference
    VALUES (62223, 'Bison', 'like');
    
INSERT INTO Preference
    VALUES (62223, 'Goose', 'like');
    
INSERT INTO Preference
    VALUES (62223, 'tomato', 'dislike');
    
INSERT INTO Preference
    VALUES (62223, 'apple', 'dislike');
